areacd,category,value
E01008162,Gross value added,5.775
E01008163,Gross value added,16.693
E01008164,Gross value added,2.418
E01008165,Gross value added,4.757
E01008166,Gross value added,291.828
E01008167,Gross value added,8.715
E01008168,Gross value added,167.118
E01008169,Gross value added,18.791
E01008170,Gross value added,8.356
E01008171,Gross value added,9.246
E01008172,Gross value added,8.788
E01008173,Gross value added,24.606
E01008174,Gross value added,83.243
E01008175,Gross value added,38.584
E01008176,Gross value added,57.203
E01008177,Gross value added,47.142
E01008178,Gross value added,3.352
E01008179,Gross value added,7.11
E01008180,Gross value added,3.223
E01008181,Gross value added,142.225
E01008182,Gross value added,3.526
E01008183,Gross value added,10.981
E01008184,Gross value added,12.549
E01008185,Gross value added,3.172
E01008186,Gross value added,7.856
E01008187,Gross value added,3.228
E01008188,Gross value added,7.306
E01008189,Gross value added,3.431
E01008190,Gross value added,8.736
E01008191,Gross value added,2.37
E01008192,Gross value added,5.901
E01008193,Gross value added,6.219
E01008194,Gross value added,5.433
E01008195,Gross value added,5.799
E01008196,Gross value added,11.167
E01008197,Gross value added,5.613
E01008198,Gross value added,5.356
E01008199,Gross value added,11.591
E01008200,Gross value added,7.579
E01008201,Gross value added,4.343
E01008202,Gross value added,5.432
E01008203,Gross value added,8.416
E01008204,Gross value added,2.583
E01008205,Gross value added,10.051
E01008206,Gross value added,3.694
E01008207,Gross value added,4.715
E01008208,Gross value added,41.883
E01008209,Gross value added,160.071
E01008210,Gross value added,12.6
E01008211,Gross value added,4.983
E01008212,Gross value added,8.65
E01008213,Gross value added,5.258
E01008214,Gross value added,69.955
E01008215,Gross value added,96.577
E01008216,Gross value added,10.913
E01008217,Gross value added,7.447
E01008218,Gross value added,10.771
E01008219,Gross value added,90.519
E01008220,Gross value added,3.244
E01008221,Gross value added,5.893
E01008222,Gross value added,2.415
E01008223,Gross value added,31.468
E01008224,Gross value added,8.846
E01008225,Gross value added,10.028
E01008226,Gross value added,201.135
E01008227,Gross value added,5.893
E01008228,Gross value added,2.742
E01008229,Gross value added,4.107
E01008230,Gross value added,6.477
E01008231,Gross value added,1.977
E01008232,Gross value added,2.495
E01008233,Gross value added,4.107
E01008234,Gross value added,16.569
E01008235,Gross value added,9.016
E01008236,Gross value added,5.003
E01008237,Gross value added,90.519
E01008238,Gross value added,13.627
E01008239,Gross value added,24.251
E01008240,Gross value added,7.953
E01008241,Gross value added,21.368
E01008242,Gross value added,7.242
E01008243,Gross value added,11.04
E01008244,Gross value added,69.955
E01008245,Gross value added,16.105
E01008246,Gross value added,5.388
E01008247,Gross value added,5.086
E01008248,Gross value added,23.215
E01008249,Gross value added,16.666
E01008250,Gross value added,6.516
E01008251,Gross value added,4.27
E01008252,Gross value added,6.659
E01008253,Gross value added,3.219
E01008254,Gross value added,5.748
E01008255,Gross value added,7.845
E01008256,Gross value added,14.108
E01008257,Gross value added,14.927
E01008258,Gross value added,43.954
E01008259,Gross value added,1149.336
E01008260,Gross value added,43.92
E01008261,Gross value added,3.462
E01008262,Gross value added,307.691
E01008263,Gross value added,15.349
E01008264,Gross value added,19.711
E01008265,Gross value added,5.116
E01008266,Gross value added,5.484
E01008267,Gross value added,19.476
E01008268,Gross value added,7.49
E01008269,Gross value added,7.272
E01008270,Gross value added,5.108
E01008271,Gross value added,8.111
E01008272,Gross value added,11.714
E01008273,Gross value added,13.804
E01008274,Gross value added,2.831
E01008275,Gross value added,18.16
E01008276,Gross value added,7.11
E01008277,Gross value added,7.935
E01008278,Gross value added,5.253
E01008279,Gross value added,6.646
E01008280,Gross value added,13.296
E01008281,Gross value added,12.758
E01008282,Gross value added,2.214
E01008283,Gross value added,141.628
E01008284,Gross value added,3.066
E01008285,Gross value added,5.295
E01008286,Gross value added,4.249
E01008287,Gross value added,6.144
E01008288,Gross value added,10.657
E01008289,Gross value added,18.143
E01008290,Gross value added,36.227
E01008291,Gross value added,60.176
E01008292,Gross value added,3.266
E01008293,Gross value added,29.409
E01008294,Gross value added,58.831
E01008295,Gross value added,27.416
E01008296,Gross value added,2.697
E01008297,Gross value added,6.426
E01008298,Gross value added,32.01
E01008299,Gross value added,8.844
E01008300,Gross value added,7.533
E01008301,Gross value added,32.287
E01008302,Gross value added,29.392
E01008303,Gross value added,83.795
E01008304,Gross value added,55.998
E01008305,Gross value added,52.706
E01008306,Gross value added,15.042
E01008307,Gross value added,66.15
E01008308,Gross value added,242.399
E01008309,Gross value added,14.72
E01008311,Gross value added,8.941
E01008312,Gross value added,3.679
E01008313,Gross value added,3.844
E01008314,Gross value added,31.982
E01008315,Gross value added,77.884
E01008316,Gross value added,6.992
E01008317,Gross value added,9.648
E01008318,Gross value added,4.918
E01008319,Gross value added,16.228
E01008320,Gross value added,13.413
E01008321,Gross value added,427.907
E01008322,Gross value added,427.907
E01008323,Gross value added,21.853
E01008324,Gross value added,10.308
E01008325,Gross value added,20.406
E01008326,Gross value added,10.633
E01008327,Gross value added,3.394
E01008328,Gross value added,6.854
E01008329,Gross value added,3.916
E01008330,Gross value added,3.958
E01008331,Gross value added,6.376
E01008332,Gross value added,13.842
E01008333,Gross value added,26.484
E01008334,Gross value added,34.461
E01008335,Gross value added,3.083
E01008336,Gross value added,7.921
E01008337,Gross value added,9.456
E01008338,Gross value added,71.581
E01008339,Gross value added,71.581
E01008340,Gross value added,7.445
E01008341,Gross value added,3.855
E01008342,Gross value added,5.496
E01008343,Gross value added,11.985
E01008344,Gross value added,24.67
E01008345,Gross value added,6.8
E01008346,Gross value added,17.246
E01008347,Gross value added,4.956
E01008348,Gross value added,24.67
E01008349,Gross value added,10.04
E01008350,Gross value added,54.496
E01008351,Gross value added,24.772
E01008352,Gross value added,34.961
E01008353,Gross value added,11.297
E01008354,Gross value added,40.46
E01008355,Gross value added,259.042
E01008356,Gross value added,100.19
E01008357,Gross value added,15.413
E01008358,Gross value added,26.355
E01008359,Gross value added,5.196
E01008360,Gross value added,14.467
E01008361,Gross value added,5.349
E01008362,Gross value added,9.412
E01008363,Gross value added,15.041
E01008364,Gross value added,23.79
E01008365,Gross value added,8.667
E01008366,Gross value added,9.622
E01008367,Gross value added,23.109
E01008368,Gross value added,8.195
E01008369,Gross value added,29.06
E01008370,Gross value added,67.562
E01008371,Gross value added,20.509
E01008372,Gross value added,17.846
E01008373,Gross value added,5.803
E01008374,Gross value added,11.672
E01008375,Gross value added,19.369
E01008376,Gross value added,10.823
E01008377,Gross value added,11.201
E01008378,Gross value added,11.523
E01008379,Gross value added,7.047
E01008380,Gross value added,8.45
E01008381,Gross value added,16.749
E01008382,Gross value added,2.365
E01008383,Gross value added,5.536
E01008384,Gross value added,4.484
E01008385,Gross value added,8.217
E01008386,Gross value added,4.171
E01008387,Gross value added,269.316
E01008388,Gross value added,7.873
E01008389,Gross value added,2.548
E01008390,Gross value added,3.662
E01008391,Gross value added,2.722
E01008392,Gross value added,120.821
E01008394,Gross value added,18.148
E01008395,Gross value added,190.955
E01008396,Gross value added,21.763
E01008397,Gross value added,1289.682
E01008398,Gross value added,21.763
E01008399,Gross value added,18.148
E01008400,Gross value added,13.274
E01008401,Gross value added,6.72
E01008402,Gross value added,25.303
E01008403,Gross value added,9.216
E01008404,Gross value added,49.345
E01008405,Gross value added,25.579
E01008406,Gross value added,54.508
E01008407,Gross value added,61.284
E01008409,Gross value added,9.823
E01008410,Gross value added,18.257
E01008411,Gross value added,7.381
E01008412,Gross value added,6.636
E01008413,Gross value added,3.2
E01008415,Gross value added,17.554
E01008416,Gross value added,7.245
E01008418,Gross value added,24.893
E01008419,Gross value added,42.216
E01008420,Gross value added,15.423
E01008421,Gross value added,10.098
E01008422,Gross value added,10.403
E01008423,Gross value added,21.652
E01008424,Gross value added,10.692
E01008425,Gross value added,144.326
E01008426,Gross value added,2.171
E01008427,Gross value added,23.762
E01008428,Gross value added,23.762
E01008429,Gross value added,9.344
E01008430,Gross value added,8.713
E01008431,Gross value added,11.525
E01008432,Gross value added,9.934
E01008433,Gross value added,42.542
E01008434,Gross value added,5.421
E01008435,Gross value added,9.048
E01008436,Gross value added,25.299
E01008437,Gross value added,312.823
E01008438,Gross value added,81.662
E01008439,Gross value added,19.314
E01008441,Gross value added,23.791
E01008442,Gross value added,4.49
E01008443,Gross value added,5.12
E01008444,Gross value added,9.784
E01008445,Gross value added,21.954
E01008446,Gross value added,4.062
E01008447,Gross value added,10.037
E01008448,Gross value added,7.399
E01008449,Gross value added,37.667
E01008450,Gross value added,18.057
E01008451,Gross value added,10.068
E01008452,Gross value added,7.358
E01008453,Gross value added,16.714
E01008455,Gross value added,8.462
E01008456,Gross value added,3.6
E01008457,Gross value added,35.483
E01008458,Gross value added,83.345
E01008459,Gross value added,1.774
E01008460,Gross value added,13.71
E01008461,Gross value added,3.214
E01008462,Gross value added,13.262
E01008463,Gross value added,5.191
E01008464,Gross value added,11.333
E01008465,Gross value added,5.703
E01008466,Gross value added,5.186
E01008467,Gross value added,6.182
E01008468,Gross value added,53.913
E01008469,Gross value added,27.89
E01008470,Gross value added,19.041
E01008471,Gross value added,15.6
E01008472,Gross value added,5.868
E01008473,Gross value added,213.713
E01008474,Gross value added,7.493
E01008475,Gross value added,4.278
E01008476,Gross value added,103.94
E01008477,Gross value added,68.08
E01008478,Gross value added,19.053
E01008479,Gross value added,4.431
E01008480,Gross value added,8.223
E01008481,Gross value added,190.353
E01008482,Gross value added,8.219
E01008483,Gross value added,4.71
E01008484,Gross value added,8.683
E01008485,Gross value added,1.357
E01008486,Gross value added,13.64
E01008487,Gross value added,11.056
E01008488,Gross value added,626.757
E01008489,Gross value added,2.622
E01008490,Gross value added,5.721
E01008491,Gross value added,138.647
E01008492,Gross value added,3.615
E01008493,Gross value added,12.905
E01008494,Gross value added,4.779
E01008495,Gross value added,6.864
E01008496,Gross value added,8.857
E01008497,Gross value added,7.041
E01008498,Gross value added,6.711
E01008499,Gross value added,4.648
E01008500,Gross value added,8.069
E01008501,Gross value added,46.4
E01008502,Gross value added,4.871
E01008503,Gross value added,213.713
E01008504,Gross value added,29.938
E01008505,Gross value added,25.134
E01008506,Gross value added,2.548
E01008507,Gross value added,6.072
E01008508,Gross value added,3.628
E01008509,Gross value added,3.478
E01008510,Gross value added,6.003
E01008511,Gross value added,5.763
E01008512,Gross value added,23.709
E01008513,Gross value added,284.301
E01008514,Gross value added,564.416
E01008516,Gross value added,9.178
E01008517,Gross value added,18.189
E01008518,Gross value added,18.571
E01008519,Gross value added,4.836
E01008520,Gross value added,9.617
E01008521,Gross value added,8.747
E01008522,Gross value added,7.525
E01008523,Gross value added,13.849
E01008524,Gross value added,133.218
E01008525,Gross value added,10.361
E01008526,Gross value added,8.526
E01008527,Gross value added,5.326
E01008528,Gross value added,4.707
E01008529,Gross value added,5.267
E01008530,Gross value added,5.072
E01008531,Gross value added,3.164
E01008532,Gross value added,15.435
E01008533,Gross value added,3.971
E01008534,Gross value added,3.875
E01008535,Gross value added,5.23
E01008536,Gross value added,14.672
E01008537,Gross value added,8.022
E01008538,Gross value added,5.087
E01008539,Gross value added,69.204
E01008540,Gross value added,39.067
E01008541,Gross value added,24.496
E01008542,Gross value added,8.22
E01008543,Gross value added,55.789
E01008544,Gross value added,4.772
E01008545,Gross value added,8.181
E01008546,Gross value added,10.663
E01008547,Gross value added,9.182
E01008548,Gross value added,9.771
E01008549,Gross value added,10.113
E01008550,Gross value added,11.689
E01008551,Gross value added,10.921
E01008552,Gross value added,9.215
E01008553,Gross value added,12.935
E01008554,Gross value added,6.484
E01008555,Gross value added,11.396
E01008556,Gross value added,73.398
E01008557,Gross value added,73.398
E01008558,Gross value added,18.155
E01008559,Gross value added,14.853
E01008560,Gross value added,14.756
E01008561,Gross value added,29.108
E01008562,Gross value added,8.892
E01008563,Gross value added,14.216
E01008564,Gross value added,6.375
E01008565,Gross value added,12.383
E01008567,Gross value added,26.657
E01008568,Gross value added,7.559
E01008569,Gross value added,12.228
E01008570,Gross value added,321.43
E01008571,Gross value added,50.295
E01008572,Gross value added,36.483
E01008573,Gross value added,15.482
E01008574,Gross value added,14.925
E01008575,Gross value added,30.715
E01008576,Gross value added,3.218
E01008577,Gross value added,48.958
E01008578,Gross value added,7.366
E01008579,Gross value added,7.189
E01008580,Gross value added,5.02
E01008581,Gross value added,5.208
E01008582,Gross value added,21.184
E01008583,Gross value added,29.308
E01008584,Gross value added,16.545
E01008585,Gross value added,25.791
E01008586,Gross value added,18.517
E01008587,Gross value added,7.609
E01008588,Gross value added,15.919
E01008589,Gross value added,9.635
E01008590,Gross value added,49.328
E01008591,Gross value added,5.926
E01008592,Gross value added,49.328
E01008593,Gross value added,5.217
E01008594,Gross value added,9.529
E01008595,Gross value added,69.678
E01008596,Gross value added,24.869
E01008597,Gross value added,12.851
E01008598,Gross value added,4.224
E01008599,Gross value added,12.831
E01008600,Gross value added,77.214
E01008601,Gross value added,62.27
E01008602,Gross value added,4.161
E01008603,Gross value added,5.779
E01008604,Gross value added,77.773
E01008605,Gross value added,2.824
E01008606,Gross value added,2.538
E01008607,Gross value added,5.314
E01008608,Gross value added,1.898
E01008609,Gross value added,1.121
E01008610,Gross value added,9.326
E01008611,Gross value added,7.454
E01008612,Gross value added,5.259
E01008613,Gross value added,31.994
E01008614,Gross value added,8.545
E01008615,Gross value added,145.013
E01008616,Gross value added,6.051
E01008617,Gross value added,17.747
E01008618,Gross value added,8.823
E01008619,Gross value added,13.255
E01008620,Gross value added,10.103
E01008621,Gross value added,6.782
E01008622,Gross value added,6.493
E01008624,Gross value added,5.101
E01008625,Gross value added,12.386
E01008627,Gross value added,2.339
E01008628,Gross value added,3.591
E01008629,Gross value added,109.447
E01008630,Gross value added,4.39
E01008631,Gross value added,3.089
E01008632,Gross value added,2.759
E01008633,Gross value added,3.296
E01008634,Gross value added,14.01
E01008635,Gross value added,11.623
E01008636,Gross value added,9.471
E01008637,Gross value added,3.42
E01008638,Gross value added,3.28
E01008639,Gross value added,64.281
E01008640,Gross value added,10.956
E01008641,Gross value added,15.02
E01008642,Gross value added,34.445
E01008643,Gross value added,12.496
E01008644,Gross value added,4.233
E01008645,Gross value added,78.6
E01008646,Gross value added,16.345
E01008647,Gross value added,5.248
E01008648,Gross value added,7.017
E01008649,Gross value added,4.079
E01008650,Gross value added,5.606
E01008651,Gross value added,9.702
E01008652,Gross value added,5.194
E01008653,Gross value added,7.399
E01008654,Gross value added,7.399
E01008655,Gross value added,6.402
E01008656,Gross value added,12.173
E01008657,Gross value added,5.013
E01008658,Gross value added,1.685
E01008659,Gross value added,5.754
E01008660,Gross value added,7.206
E01008661,Gross value added,9.877
E01008662,Gross value added,3.768
E01008663,Gross value added,11.334
E01008664,Gross value added,8.101
E01008665,Gross value added,6.702
E01008666,Gross value added,21.668
E01008667,Gross value added,178.668
E01008668,Gross value added,15.296
E01008669,Gross value added,4.797
E01008670,Gross value added,3.55
E01008671,Gross value added,45.856
E01008672,Gross value added,101.704
E01008673,Gross value added,21.201
E01008674,Gross value added,4.046
E01008675,Gross value added,1.946
E01008676,Gross value added,3.896
E01008677,Gross value added,5.002
E01008678,Gross value added,5.958
E01008679,Gross value added,26.062
E01008680,Gross value added,6.717
E01008681,Gross value added,10.45
E01008682,Gross value added,8.457
E01008683,Gross value added,11.597
E01008684,Gross value added,3.838
E01008685,Gross value added,7.233
E01008686,Gross value added,2.809
E01008687,Gross value added,15.508
E01008688,Gross value added,3.737
E01008689,Gross value added,3.944
E01008690,Gross value added,2.864
E01008691,Gross value added,6.511
E01008692,Gross value added,2.5
E01008693,Gross value added,105.434
E01008694,Gross value added,4.785
E01008695,Gross value added,167.398
E01008696,Gross value added,10.127
E01008697,Gross value added,5.719
E01008698,Gross value added,6.047
E01008699,Gross value added,3.841
E01008700,Gross value added,61.133
E01008701,Gross value added,129.082
E01008702,Gross value added,17.745
E01008703,Gross value added,253.467
E01008704,Gross value added,129.082
E01008705,Gross value added,61.133
E01008706,Gross value added,5.102
E01008707,Gross value added,3.383
E01008708,Gross value added,5.121
E01008709,Gross value added,1.799
E01008711,Gross value added,62.048
E01008712,Gross value added,2.84
E01008713,Gross value added,12.392
E01008714,Gross value added,6.088
E01008715,Gross value added,7.973
E01008716,Gross value added,7.698
E01008717,Gross value added,5.015
E01008718,Gross value added,6.391
E01008719,Gross value added,18.394
E01008720,Gross value added,9.009
E01008721,Gross value added,4.517
E01008722,Gross value added,12.148
E01008723,Gross value added,18.972
E01008724,Gross value added,3.777
E01008725,Gross value added,5.298
E01008726,Gross value added,13.984
E01008727,Gross value added,5.597
E01008728,Gross value added,3.78
E01008729,Gross value added,1.411
E01008730,Gross value added,47.821
E01008731,Gross value added,9.834
E01008732,Gross value added,27.592
E01008733,Gross value added,4.464
E01008734,Gross value added,3.971
E01008735,Gross value added,17.791
E01008736,Gross value added,60.847
E01008737,Gross value added,5.406
E01008738,Gross value added,3.852
E01008739,Gross value added,4.262
E01008740,Gross value added,37.302
E01008741,Gross value added,25.758
E01008742,Gross value added,33.822
E01008743,Gross value added,1.239
E01008744,Gross value added,6.494
E01008745,Gross value added,10.979
E01008746,Gross value added,5.637
E01008747,Gross value added,1179.088
E01008748,Gross value added,8.021
E01008749,Gross value added,2.828
E01008750,Gross value added,19.18
E01008751,Gross value added,3.681
E01008752,Gross value added,31.727
E01008753,Gross value added,9.376
E01008754,Gross value added,59.241
E01008755,Gross value added,8.78
E01008756,Gross value added,2.22
E01008757,Gross value added,5.922
E01008758,Gross value added,5.2
E01008759,Gross value added,10.06
E01008760,Gross value added,26.838
E01008761,Gross value added,13.022
E01008762,Gross value added,49.762
E01008763,Gross value added,2.872
E01008764,Gross value added,3.647
E01008765,Gross value added,6.69
E01008766,Gross value added,13.995
E01008767,Gross value added,8.542
E01008768,Gross value added,31.101
E01008769,Gross value added,5.793
E01008770,Gross value added,9.481
E01008771,Gross value added,3.614
E01008772,Gross value added,9.055
E01008773,Gross value added,7.175
E01008774,Gross value added,5.504
E01008775,Gross value added,886.7
E01008776,Gross value added,6.254
E01008777,Gross value added,4.518
E01008778,Gross value added,4.12
E01008779,Gross value added,66.97
E01008780,Gross value added,45.72
E01008781,Gross value added,16.103
E01008782,Gross value added,4.534
E01008783,Gross value added,5.618
E01008784,Gross value added,7.946
E01008785,Gross value added,4.099
E01008786,Gross value added,5.257
E01008787,Gross value added,13.199
E01008788,Gross value added,8.02
E01008789,Gross value added,21.213
E01008790,Gross value added,5.677
E01008791,Gross value added,47.809
E01008792,Gross value added,14.686
E01008793,Gross value added,7.543
E01008795,Gross value added,19.854
E01008796,Gross value added,5.911
E01008797,Gross value added,8.206
E01008799,Gross value added,7.898
E01008800,Gross value added,4.053
E01008801,Gross value added,5.723
E01008802,Gross value added,14.053
E01008803,Gross value added,8.401
E01008804,Gross value added,4.758
E01008805,Gross value added,6.604
E01008808,Gross value added,40.911
E01008809,Gross value added,22.302
E01008810,Gross value added,30.098
E01008811,Gross value added,4.006
E01008812,Gross value added,4.134
E01008813,Gross value added,3.715
E01008814,Gross value added,17.919
E01008817,Gross value added,2.84
E01008819,Gross value added,4.116
E01008820,Gross value added,250.484
E01008821,Gross value added,14.021
E01008822,Gross value added,4.543
E01008823,Gross value added,1.656
E01008824,Gross value added,4.173
E01008825,Gross value added,10.741
E01008826,Gross value added,10.691
E01008827,Gross value added,9.233
E01008828,Gross value added,0.288
E01008829,Gross value added,14.134
E01008830,Gross value added,4.617
E01008831,Gross value added,32.525
E01008832,Gross value added,4.636
E01008833,Gross value added,7.743
E01008834,Gross value added,32.525
E01008835,Gross value added,33.581
E01008836,Gross value added,29.125
E01008837,Gross value added,3.362
E01008838,Gross value added,2.576
E01008839,Gross value added,4.45
E01008840,Gross value added,3.785
E01008841,Gross value added,9.462
E01008842,Gross value added,3.564
E01008843,Gross value added,8.094
E01008844,Gross value added,13.766
E01008845,Gross value added,6.617
E01008846,Gross value added,8.992
E01008847,Gross value added,0.786
E01008848,Gross value added,135.89
E01008849,Gross value added,4.134
E01008850,Gross value added,392.731
E01008851,Gross value added,10.739
E01008852,Gross value added,5.069
E01008853,Gross value added,75.077
E01008854,Gross value added,3.48
E01008855,Gross value added,778.586
E01008856,Gross value added,10.759
E01008857,Gross value added,1.866
E01008858,Gross value added,8.179
E01008859,Gross value added,27.215
E01008860,Gross value added,4.527
E01008861,Gross value added,5.362
E01008862,Gross value added,5.836
E01008863,Gross value added,11.334
E01008864,Gross value added,40.737
E01008865,Gross value added,39.683
E01008866,Gross value added,39.904
E01008867,Gross value added,2.14
E01008868,Gross value added,12.769
E01008869,Gross value added,4.795
E01008870,Gross value added,5.507
E01008871,Gross value added,2.894
E01008872,Gross value added,38.821
E01008873,Gross value added,46.061
E01008874,Gross value added,2.454
E01008875,Gross value added,48.009
E01008876,Gross value added,15.755
E01008877,Gross value added,6.986
E01008878,Gross value added,3.027
E01008879,Gross value added,65.218
E01008880,Gross value added,4.877
E01011949,Gross value added,10.193
E01011950,Gross value added,2.344
E01011951,Gross value added,4.508
E01011952,Gross value added,57.359
E01011953,Gross value added,8.056
E01011954,Gross value added,9.557
E01011955,Gross value added,31.589
E01011957,Gross value added,2.705
E01011959,Gross value added,23.757
E01011960,Gross value added,4.48
E01011961,Gross value added,10.146
E01011962,Gross value added,6.724
E01011963,Gross value added,4.175
E01011964,Gross value added,11.226
E01011965,Gross value added,22.128
E01011966,Gross value added,5.728
E01011967,Gross value added,8.631
E01011968,Gross value added,39.364
E01011969,Gross value added,5.731
E01011970,Gross value added,6.067
E01011971,Gross value added,4.61
E01011973,Gross value added,5.714
E01011974,Gross value added,159.873
E01011975,Gross value added,1.62
E01011976,Gross value added,2.31
E01011977,Gross value added,3.848
E01011978,Gross value added,4.569
E01011979,Gross value added,2.021
E01011980,Gross value added,3.309
E01011981,Gross value added,14.521
E01011982,Gross value added,18.179
E01011983,Gross value added,15.85
E01011984,Gross value added,2.734
E01011985,Gross value added,7.396
E01011986,Gross value added,3.699
E01011987,Gross value added,7.066
E01011988,Gross value added,16.95
E01011989,Gross value added,90.203
E01011990,Gross value added,35.231
E01011991,Gross value added,5.199
E01011992,Gross value added,44.187
E01011993,Gross value added,11.752
E01011994,Gross value added,57.359
E01011995,Gross value added,3.775
E01011996,Gross value added,6.389
E01011997,Gross value added,24.28
E01011998,Gross value added,359.808
E01011999,Gross value added,118.795
E01012000,Gross value added,55.803
E01012001,Gross value added,66.294
E01012002,Gross value added,6.706
E01012003,Gross value added,5.234
E01012005,Gross value added,5.794
E01012007,Gross value added,10.968
E01012008,Gross value added,3.735
E01012009,Gross value added,24.474
E01012010,Gross value added,12.231
E01012011,Gross value added,8.842
E01012012,Gross value added,4.504
E01012013,Gross value added,3.422
E01012014,Gross value added,21.179
E01012015,Gross value added,3.097
E01012016,Gross value added,19.911
E01012017,Gross value added,13.37
E01012018,Gross value added,511.704
E01012019,Gross value added,6.16
E01012020,Gross value added,6.16
E01012021,Gross value added,6.16
E01012022,Gross value added,9.039
E01012023,Gross value added,6.285
E01012024,Gross value added,6.877
E01012025,Gross value added,4.494
E01012026,Gross value added,8.618
E01012027,Gross value added,10.261
E01012030,Gross value added,53.164
E01012031,Gross value added,18.2
E01012032,Gross value added,7.059
E01012033,Gross value added,8.8
E01012034,Gross value added,13.48
E01012035,Gross value added,3.426
E01012036,Gross value added,3.119
E01012037,Gross value added,3.794
E01012038,Gross value added,1.343
E01012039,Gross value added,10.692
E01012040,Gross value added,2.437
E01012041,Gross value added,272.754
E01012042,Gross value added,3.67
E01012043,Gross value added,6.302
E01012044,Gross value added,5.21
E01012045,Gross value added,0.216
E01012046,Gross value added,9.078
E01012047,Gross value added,6.292
E01012048,Gross value added,14.689
E01012049,Gross value added,6.064
E01012050,Gross value added,2.35
E01012051,Gross value added,6.633
E01012052,Gross value added,5.327
E01012053,Gross value added,7.377
E01012054,Gross value added,8.27
E01012055,Gross value added,13.032
E01012056,Gross value added,7.015
E01012057,Gross value added,18.253
E01012058,Gross value added,11.025
E01012059,Gross value added,21.468
E01012060,Gross value added,32.217
E01012061,Gross value added,41.258
E01012062,Gross value added,6.142
E01012063,Gross value added,11.738
E01012064,Gross value added,13.053
E01012065,Gross value added,9.344
E01012066,Gross value added,6.433
E01012067,Gross value added,7.004
E01012068,Gross value added,280.402
E01012071,Gross value added,16.055
E01012073,Gross value added,7.777
E01012074,Gross value added,16.935
E01012075,Gross value added,17.96
E01012076,Gross value added,3.666
E01012077,Gross value added,2.333
E01012078,Gross value added,13.374
E01012079,Gross value added,13.374
E01012080,Gross value added,9.262
E01012081,Gross value added,9.871
E01012082,Gross value added,4.749
E01012083,Gross value added,2.807
E01012084,Gross value added,2.365
E01012085,Gross value added,2.869
E01012088,Gross value added,6.49
E01012089,Gross value added,10.761
E01012090,Gross value added,1.938
E01012091,Gross value added,4.385
E01012092,Gross value added,80.532
E01012093,Gross value added,2.094
E01012094,Gross value added,72.631
E01012095,Gross value added,5.264
E01012096,Gross value added,7.95
E01012097,Gross value added,12.032
E01012098,Gross value added,37.885
E01012099,Gross value added,7.064
E01012100,Gross value added,62.25
E01012101,Gross value added,55.04
E01012102,Gross value added,21.554
E01012105,Gross value added,4.888
E01012106,Gross value added,13.705
E01012107,Gross value added,222.877
E01012108,Gross value added,3.748
E01012109,Gross value added,4.545
E01012110,Gross value added,6.034
E01012111,Gross value added,26.97
E01012112,Gross value added,17.574
E01012113,Gross value added,1.699
E01012114,Gross value added,7.105
E01012117,Gross value added,66.714
E01012118,Gross value added,4.038
E01012119,Gross value added,27.067
E01012120,Gross value added,12.189
E01012121,Gross value added,3.122
E01012124,Gross value added,7.562
E01012127,Gross value added,14.163
E01012128,Gross value added,3.926
E01012129,Gross value added,14.427
E01012130,Gross value added,14.163
E01012131,Gross value added,5.381
E01012132,Gross value added,7.69
E01012134,Gross value added,78.125
E01012136,Gross value added,9.618
E01012137,Gross value added,8.134
E01012138,Gross value added,17.567
E01012139,Gross value added,6.113
E01012140,Gross value added,2.956
E01012141,Gross value added,7.617
E01012142,Gross value added,10.968
E01012143,Gross value added,2.735
E01012144,Gross value added,11.742
E01012145,Gross value added,17.574
E01012146,Gross value added,4.565
E01012147,Gross value added,5.099
E01012148,Gross value added,7.291
E01012149,Gross value added,4.275
E01012150,Gross value added,9.075
E01012151,Gross value added,4.157
E01012152,Gross value added,15.942
E01012154,Gross value added,7.474
E01012155,Gross value added,5.241
E01012156,Gross value added,3.802
E01012157,Gross value added,16.496
E01012158,Gross value added,12.785
E01012159,Gross value added,12.809
E01012160,Gross value added,6.157
E01012161,Gross value added,11.604
E01012162,Gross value added,2.92
E01012163,Gross value added,40.814
E01012164,Gross value added,6.899
E01012165,Gross value added,11.766
E01012167,Gross value added,39.897
E01012168,Gross value added,8.363
E01012170,Gross value added,44.163
E01012171,Gross value added,6.46
E01012172,Gross value added,2.916
E01012173,Gross value added,11.079
E01012174,Gross value added,5.723
E01012175,Gross value added,1.055
E01012176,Gross value added,13.78
E01012177,Gross value added,3.926
E01012178,Gross value added,5.983
E01012179,Gross value added,8.036
E01012180,Gross value added,6.1
E01012181,Gross value added,8.68
E01012182,Gross value added,9.261
E01012183,Gross value added,6.013
E01012184,Gross value added,5.96
E01012185,Gross value added,2.811
E01012186,Gross value added,7.375
E01012187,Gross value added,16.007
E01012188,Gross value added,4.485
E01012189,Gross value added,4.298
E01012190,Gross value added,4.49
E01012191,Gross value added,11.223
E01012192,Gross value added,7.244
E01012193,Gross value added,6.705
E01012194,Gross value added,3.601
E01012195,Gross value added,1.666
E01012196,Gross value added,3.132
E01012197,Gross value added,8.257
E01012198,Gross value added,689.178
E01012199,Gross value added,5.184
E01012200,Gross value added,11.227
E01012201,Gross value added,28.303
E01012202,Gross value added,15.401
E01012203,Gross value added,70.857
E01012204,Gross value added,9.855
E01012205,Gross value added,9.234
E01012206,Gross value added,10.093
E01012207,Gross value added,20.147
E01012208,Gross value added,5.148
E01012209,Gross value added,4.951
E01012210,Gross value added,6.538
E01012211,Gross value added,6.195
E01012212,Gross value added,17.234
E01012213,Gross value added,7.254
E01012214,Gross value added,2.543
E01012215,Gross value added,35.303
E01012216,Gross value added,7.603
E01012217,Gross value added,9.859
E01012218,Gross value added,4.622
E01012219,Gross value added,4.206
E01012223,Gross value added,11.366
E01012224,Gross value added,5.116
E01012225,Gross value added,16.294
E01012226,Gross value added,4.795
E01012227,Gross value added,12.323
E01012228,Gross value added,5.872
E01012230,Gross value added,5.933
E01012231,Gross value added,8.403
E01012232,Gross value added,4.43
E01012233,Gross value added,25.091
E01012234,Gross value added,8.845
E01012235,Gross value added,20.898
E01012236,Gross value added,9.464
E01012237,Gross value added,8.439
E01012238,Gross value added,2.32
E01012239,Gross value added,23.206
E01012240,Gross value added,5.793
E01012241,Gross value added,4.483
E01012242,Gross value added,16.679
E01012243,Gross value added,3.576
E01012244,Gross value added,3.585
E01012245,Gross value added,9.356
E01012246,Gross value added,4.118
E01012247,Gross value added,1.906
E01012248,Gross value added,108.804
E01012249,Gross value added,34.709
E01012250,Gross value added,10.627
E01012251,Gross value added,7.33
E01012252,Gross value added,2.679
E01012253,Gross value added,7.462
E01012254,Gross value added,366.228
E01012255,Gross value added,5.806
E01012256,Gross value added,9.57
E01012257,Gross value added,4.618
E01012258,Gross value added,168.421
E01012259,Gross value added,12.287
E01012260,Gross value added,26.248
E01012261,Gross value added,2.892
E01012262,Gross value added,51.233
E01012264,Gross value added,551.407
E01012266,Gross value added,275.313
E01012267,Gross value added,41.113
E01012268,Gross value added,30.501
E01012269,Gross value added,38.752
E01012270,Gross value added,52.301
E01012271,Gross value added,5.685
E01012272,Gross value added,3.017
E01012273,Gross value added,2.192
E01012274,Gross value added,2.962
E01012275,Gross value added,6.682
E01012276,Gross value added,60.822
E01012277,Gross value added,6.042
E01012278,Gross value added,61.988
E01012279,Gross value added,51.527
E01012280,Gross value added,8.06
E01012281,Gross value added,5.553
E01012282,Gross value added,96.103
E01012283,Gross value added,62.153
E01012284,Gross value added,86.03
E01012285,Gross value added,4.391
E01012286,Gross value added,76.513
E01012287,Gross value added,653.807
E01012288,Gross value added,5.38
E01012289,Gross value added,64.48
E01012290,Gross value added,12.021
E01012291,Gross value added,8.672
E01012292,Gross value added,9.804
E01012294,Gross value added,10.905
E01012295,Gross value added,44.89
E01012296,Gross value added,10.047
E01012297,Gross value added,12.572
E01012298,Gross value added,9.999
E01012299,Gross value added,64.977
E01012300,Gross value added,6.826
E01012301,Gross value added,7.604
E01012302,Gross value added,20.355
E01012303,Gross value added,9.865
E01012304,Gross value added,20.677
E01012305,Gross value added,3.725
E01012306,Gross value added,7.077
E01012307,Gross value added,53.62
E01012309,Gross value added,80.652
E01012310,Gross value added,7.226
E01012311,Gross value added,4.346
E01012312,Gross value added,5.168
E01012313,Gross value added,80.652
E01012314,Gross value added,1.218
E01012315,Gross value added,25.232
E01012316,Gross value added,28.871
E01012317,Gross value added,3.278
E01012318,Gross value added,4.309
E01012319,Gross value added,42.65
E01012323,Gross value added,14.501
E01012324,Gross value added,6.853
E01012325,Gross value added,6.822
E01012326,Gross value added,17.574
E01012327,Gross value added,10.408
E01012328,Gross value added,3.345
E01012329,Gross value added,18.056
E01012330,Gross value added,6.339
E01012331,Gross value added,5.986
E01012332,Gross value added,6.051
E01012333,Gross value added,7.386
E01012334,Gross value added,79.329
E01012335,Gross value added,10.527
E01012336,Gross value added,27.132
E01012337,Gross value added,15.395
E01012338,Gross value added,23.332
E01012339,Gross value added,22.139
E01012340,Gross value added,15.462
E01012341,Gross value added,3.952
E01012342,Gross value added,68.995
E01012343,Gross value added,301.866
E01012344,Gross value added,8.644
E01012345,Gross value added,57.555
E01012346,Gross value added,7.752
E01012347,Gross value added,6.502
E01012348,Gross value added,10.761
E01012349,Gross value added,38.963
E01012350,Gross value added,4.539
E01012351,Gross value added,4.264
E01012352,Gross value added,11.131
E01012353,Gross value added,2.469
E01012354,Gross value added,52.151
E01012355,Gross value added,187.327
E01012356,Gross value added,32.32
E01012357,Gross value added,11.666
E01012358,Gross value added,7.11
E01012359,Gross value added,3.141
E01012360,Gross value added,16.386
E01012361,Gross value added,11.513
E01012362,Gross value added,3.413
E01012363,Gross value added,7.042
E01012364,Gross value added,14.006
E01012365,Gross value added,11.662
E01012366,Gross value added,474.468
E01020590,Gross value added,14.598
E01020591,Gross value added,36.676
E01020592,Gross value added,3.235
E01020593,Gross value added,48.353
E01020594,Gross value added,26.43
E01020595,Gross value added,31.934
E01020596,Gross value added,4.037
E01020597,Gross value added,7.278
E01020598,Gross value added,46.672
E01020599,Gross value added,3.028
E01020600,Gross value added,4.698
E01020601,Gross value added,12.749
E01020602,Gross value added,6.429
E01020603,Gross value added,7.087
E01020604,Gross value added,9.641
E01020605,Gross value added,3.891
E01020606,Gross value added,3.398
E01020607,Gross value added,12.122
E01020608,Gross value added,7.595
E01020609,Gross value added,5.335
E01020610,Gross value added,4.029
E01020611,Gross value added,12.11
E01020612,Gross value added,114.65
E01020613,Gross value added,8.993
E01020614,Gross value added,7.761
E01020615,Gross value added,7.412
E01020616,Gross value added,14.603
E01020617,Gross value added,6.149
E01020618,Gross value added,11.054
E01020619,Gross value added,5.776
E01020620,Gross value added,12.432
E01020621,Gross value added,2.926
E01020622,Gross value added,11.693
E01020623,Gross value added,3.199
E01020624,Gross value added,7.22
E01020625,Gross value added,131.023
E01020626,Gross value added,1.794
E01020627,Gross value added,4.888
E01020628,Gross value added,17.493
E01020629,Gross value added,8.07
E01020630,Gross value added,7.941
E01020631,Gross value added,5.222
E01020632,Gross value added,11.293
E01020633,Gross value added,6.374
E01020634,Gross value added,60.136
E01020635,Gross value added,8.336
E01020636,Gross value added,4.591
E01020637,Gross value added,12.786
E01020638,Gross value added,4.953
E01020639,Gross value added,28.409
E01020640,Gross value added,31.907
E01020641,Gross value added,48.505
E01020642,Gross value added,32.595
E01020643,Gross value added,41.24
E01020644,Gross value added,53.63
E01020645,Gross value added,3.381
E01020646,Gross value added,20.551
E01020647,Gross value added,3.635
E01020648,Gross value added,5.674
E01020649,Gross value added,5.275
E01020650,Gross value added,23.838
E01020651,Gross value added,28.225
E01020652,Gross value added,24.089
E01020653,Gross value added,5.903
E01020654,Gross value added,5.757
E01020655,Gross value added,30.059
E01020656,Gross value added,5.07
E01020657,Gross value added,4.791
E01020658,Gross value added,13.125
E01020659,Gross value added,7.499
E01020660,Gross value added,18.424
E01020661,Gross value added,63.893
E01020662,Gross value added,12.767
E01020663,Gross value added,18.519
E01020664,Gross value added,30.741
E01020665,Gross value added,15.122
E01020666,Gross value added,4.385
E01020667,Gross value added,7.878
E01020668,Gross value added,7.366
E01020669,Gross value added,13.001
E01020670,Gross value added,14.335
E01020671,Gross value added,2.813
E01020672,Gross value added,4.83
E01020673,Gross value added,8.818
E01020674,Gross value added,4.003
E01020675,Gross value added,12.929
E01020676,Gross value added,33.53
E01020677,Gross value added,6.134
E01020678,Gross value added,5.56
E01020679,Gross value added,7.491
E01020680,Gross value added,58.186
E01020681,Gross value added,2.222
E01020682,Gross value added,4.958
E01020683,Gross value added,17.053
E01020684,Gross value added,215.747
E01020685,Gross value added,10.384
E01020686,Gross value added,12.896
E01020687,Gross value added,3.832
E01020688,Gross value added,6.957
E01020689,Gross value added,7.64
E01020690,Gross value added,168.752
E01020691,Gross value added,3.535
E01020692,Gross value added,19.352
E01020693,Gross value added,101.543
E01020694,Gross value added,7.165
E01020695,Gross value added,7.163
E01020696,Gross value added,14.833
E01020697,Gross value added,151.756
E01020698,Gross value added,8.263
E01020699,Gross value added,7.138
E01020700,Gross value added,9.348
E01020701,Gross value added,7.657
E01020702,Gross value added,379.297
E01020703,Gross value added,125.123
E01020704,Gross value added,17.975
E01020705,Gross value added,8.38
E01020706,Gross value added,7.882
E01020708,Gross value added,40.099
E01020709,Gross value added,143.156
E01020710,Gross value added,328.463
E01020711,Gross value added,16.16
E01020712,Gross value added,18.972
E01020713,Gross value added,18.2
E01020714,Gross value added,4.944
E01020715,Gross value added,9.566
E01020716,Gross value added,5.298
E01020717,Gross value added,4.865
E01020718,Gross value added,8.745
E01020719,Gross value added,6.3
E01020720,Gross value added,5.841
E01020721,Gross value added,4.549
E01020722,Gross value added,3.375
E01020723,Gross value added,12.623
E01020724,Gross value added,3.395
E01020725,Gross value added,9.981
E01020726,Gross value added,8.544
E01020727,Gross value added,3.49
E01020729,Gross value added,21.819
E01020730,Gross value added,4.414
E01020731,Gross value added,8.064
E01020732,Gross value added,9.537
E01020733,Gross value added,11.65
E01020734,Gross value added,11.308
E01020735,Gross value added,6.082
E01020736,Gross value added,5.523
E01020737,Gross value added,9.39
E01020738,Gross value added,2.452
E01020739,Gross value added,9.252
E01020740,Gross value added,9.837
E01020741,Gross value added,11.286
E01020742,Gross value added,145.16
E01020743,Gross value added,5.355
E01020744,Gross value added,8.699
E01020745,Gross value added,12.226
E01020746,Gross value added,67.014
E01020747,Gross value added,8.957
E01020748,Gross value added,2.319
E01020749,Gross value added,5.321
E01020750,Gross value added,4.677
E01020751,Gross value added,9.174
E01020752,Gross value added,3.047
E01020753,Gross value added,14.563
E01020754,Gross value added,8.932
E01020756,Gross value added,37.718
E01020757,Gross value added,1.455
E01020758,Gross value added,19.976
E01020759,Gross value added,24.87
E01020760,Gross value added,12.19
E01020761,Gross value added,665.08
E01020762,Gross value added,3.616
E01020763,Gross value added,6.204
E01020764,Gross value added,6.309
E01020765,Gross value added,2.644
E01020766,Gross value added,2.456
E01020767,Gross value added,7.48
E01020768,Gross value added,3.886
E01020769,Gross value added,4.796
E01020770,Gross value added,6.927
E01020771,Gross value added,11.65
E01020772,Gross value added,17.457
E01020773,Gross value added,4.863
E01020775,Gross value added,4.932
E01020776,Gross value added,6.495
E01020777,Gross value added,1.95
E01020778,Gross value added,6.222
E01020779,Gross value added,14.372
E01020780,Gross value added,3.978
E01020781,Gross value added,8.082
E01020782,Gross value added,7.983
E01020783,Gross value added,4.795
E01020784,Gross value added,55.21
E01020786,Gross value added,48.36
E01020787,Gross value added,5.218
E01020788,Gross value added,12.223
E01020789,Gross value added,3.901
E01020790,Gross value added,8.588
E01020791,Gross value added,5.533
E01020792,Gross value added,12.223
E01020793,Gross value added,3.089
E01020794,Gross value added,9.8
E01020795,Gross value added,10.602
E01020796,Gross value added,8.09
E01020797,Gross value added,10.54
E01020798,Gross value added,4.932
E01020799,Gross value added,11.962
E01020801,Gross value added,11.72
E01020802,Gross value added,45.635
E01020803,Gross value added,88.314
E01020805,Gross value added,3.983
E01020806,Gross value added,8.551
E01020807,Gross value added,6.4
E01020808,Gross value added,16.463
E01020809,Gross value added,5.175
E01020810,Gross value added,7.602
E01020811,Gross value added,4.185
E01020812,Gross value added,5.489
E01020813,Gross value added,6.728
E01020814,Gross value added,12.678
E01020815,Gross value added,10.903
E01020816,Gross value added,2.706
E01020817,Gross value added,2.438
E01020818,Gross value added,3.514
E01020819,Gross value added,5.021
E01020820,Gross value added,64.092
E01020821,Gross value added,6.163
E01020822,Gross value added,23.119
E01020823,Gross value added,4.056
E01020824,Gross value added,10.367
E01020825,Gross value added,7.418
E01020826,Gross value added,567.821
E01020827,Gross value added,7.678
E01020828,Gross value added,82.683
E01020829,Gross value added,26.775
E01020830,Gross value added,23.58
E01020831,Gross value added,17.535
E01020832,Gross value added,35.015
E01020833,Gross value added,17.489
E01020834,Gross value added,2.045
E01020835,Gross value added,6.121
E01020836,Gross value added,36.509
E01020837,Gross value added,2.821
E01020838,Gross value added,12.777
E01020839,Gross value added,3.815
E01020840,Gross value added,50.838
E01020841,Gross value added,3.162
E01020842,Gross value added,153.181
E01020843,Gross value added,39.17
E01020844,Gross value added,3.595
E01020845,Gross value added,8.968
E01020846,Gross value added,8.063
E01020847,Gross value added,1.604
E01020848,Gross value added,4.145
E01020849,Gross value added,11.828
E01020850,Gross value added,9.39
E01020851,Gross value added,5.92
E01020852,Gross value added,366.762
E01020853,Gross value added,366.762
E01020854,Gross value added,37.453
E01020855,Gross value added,8.958
E01020856,Gross value added,4.486
E01020857,Gross value added,12.819
E01020858,Gross value added,3.8
E01020859,Gross value added,11.901
E01020860,Gross value added,7.522
E01020861,Gross value added,35.42
E01020862,Gross value added,25.324
E01020863,Gross value added,24.465
E01020864,Gross value added,14.051
E01020865,Gross value added,15.971
E01020866,Gross value added,13.887
E01020867,Gross value added,27.15
E01020868,Gross value added,90.519
E01020869,Gross value added,8.359
E01020870,Gross value added,25.357
E01020871,Gross value added,5.054
E01020872,Gross value added,77.816
E01020873,Gross value added,3.161
E01020874,Gross value added,8.136
E01020875,Gross value added,21.861
E01020876,Gross value added,5.521
E01020877,Gross value added,22.737
E01020878,Gross value added,4.909
E01020879,Gross value added,23.871
E01020880,Gross value added,3.748
E01020881,Gross value added,73.468
E01020882,Gross value added,9.926
E01020883,Gross value added,5.496
E01020884,Gross value added,16.485
E01020885,Gross value added,8.294
E01020886,Gross value added,3.924
E01020887,Gross value added,7.797
E01020888,Gross value added,7.975
E01020889,Gross value added,13.46
E01020890,Gross value added,22.921
E01020891,Gross value added,16.27
E01020892,Gross value added,6.45
E01020893,Gross value added,6.247
E01020894,Gross value added,4.76
E01020895,Gross value added,24.765
E01020896,Gross value added,4.919
E01020897,Gross value added,78.3
E01020898,Gross value added,1.495
E01020899,Gross value added,6.7
E01020900,Gross value added,9.836
E01020901,Gross value added,14.812
E01020902,Gross value added,2.093
E01020903,Gross value added,7.204
E01020904,Gross value added,5.519
E01020905,Gross value added,12.085
E01020906,Gross value added,19.569
E01020907,Gross value added,31.67
E01020908,Gross value added,16.955
E01020909,Gross value added,9.025
E01027356,Gross value added,42.666
E01027357,Gross value added,13.787
E01027358,Gross value added,95.726
E01027359,Gross value added,22.624
E01027361,Gross value added,17.132
E01027362,Gross value added,17.387
E01027363,Gross value added,8.632
E01027364,Gross value added,13.337
E01027365,Gross value added,27.697
E01027366,Gross value added,19.263
E01027367,Gross value added,25.732
E01027368,Gross value added,22.531
E01027369,Gross value added,10.126
E01027370,Gross value added,24.419
E01027371,Gross value added,8.932
E01027372,Gross value added,23.251
E01027373,Gross value added,22.217
E01027374,Gross value added,29.537
E01027375,Gross value added,36.146
E01027376,Gross value added,48.422
E01027377,Gross value added,60.619
E01027378,Gross value added,15.074
E01027379,Gross value added,18.374
E01027380,Gross value added,21.669
E01027381,Gross value added,33.207
E01027382,Gross value added,24.647
E01027383,Gross value added,18.369
E01027384,Gross value added,16.184
E01027385,Gross value added,7.551
E01027386,Gross value added,9.839
E01027387,Gross value added,89.496
E01027388,Gross value added,17.15
E01027389,Gross value added,8.1
E01027390,Gross value added,28.142
E01027391,Gross value added,8.808
E01027392,Gross value added,57.364
E01027393,Gross value added,2.369
E01027394,Gross value added,35.284
E01027395,Gross value added,11.806
E01027396,Gross value added,2.834
E01027397,Gross value added,3.088
E01027398,Gross value added,44.79
E01027399,Gross value added,7.476
E01027400,Gross value added,5.847
E01027401,Gross value added,9.86
E01027402,Gross value added,5.661
E01027403,Gross value added,4.104
E01027404,Gross value added,16.847
E01027405,Gross value added,10.09
E01027406,Gross value added,60.758
E01027407,Gross value added,4.391
E01027408,Gross value added,35.284
E01027409,Gross value added,88.485
E01027410,Gross value added,41.814
E01027411,Gross value added,9.424
E01027412,Gross value added,599.172
E01027413,Gross value added,51.766
E01027414,Gross value added,25.795
E01027415,Gross value added,45.841
E01027416,Gross value added,3.01
E01027417,Gross value added,10.152
E01027418,Gross value added,4.986
E01027419,Gross value added,6.408
E01027420,Gross value added,5.151
E01027421,Gross value added,5.374
E01027422,Gross value added,3.472
E01027423,Gross value added,3.759
E01027424,Gross value added,80.004
E01027425,Gross value added,38.763
E01027426,Gross value added,5.53
E01027427,Gross value added,8.614
E01027428,Gross value added,3.364
E01027429,Gross value added,4.507
E01027430,Gross value added,15.386
E01027431,Gross value added,8.23
E01027432,Gross value added,14.88
E01027433,Gross value added,16.163
E01027434,Gross value added,9.127
E01027435,Gross value added,7.129
E01027436,Gross value added,7.078
E01027437,Gross value added,4.944
E01027438,Gross value added,3.286
E01027439,Gross value added,5.406
E01027440,Gross value added,4.806
E01027441,Gross value added,28.826
E01027442,Gross value added,54.465
E01027443,Gross value added,5.556
E01027444,Gross value added,44.899
E01027445,Gross value added,20.552
E01027446,Gross value added,5.512
E01027447,Gross value added,28.938
E01027448,Gross value added,105.369
E01027449,Gross value added,15.325
E01027450,Gross value added,21.642
E01027451,Gross value added,9.666
E01027452,Gross value added,65.974
E01027453,Gross value added,65.2
E01027455,Gross value added,6.04
E01027456,Gross value added,15.283
E01027457,Gross value added,27.273
E01027458,Gross value added,129.924
E01027460,Gross value added,6.49
E01027461,Gross value added,10.841
E01027462,Gross value added,9.513
E01027463,Gross value added,14.221
E01027464,Gross value added,28.006
E01027465,Gross value added,24.372
E01027466,Gross value added,43.99
E01027468,Gross value added,13.981
E01027469,Gross value added,13.793
E01027471,Gross value added,18
E01027472,Gross value added,27.573
E01027473,Gross value added,50.077
E01027474,Gross value added,7.531
E01027475,Gross value added,7.069
E01027476,Gross value added,46.712
E01027477,Gross value added,15.02
E01027478,Gross value added,9.998
E01027479,Gross value added,38.549
E01027480,Gross value added,26.461
E01027481,Gross value added,29.714
E01027482,Gross value added,11.332
E01027483,Gross value added,46.762
E01027484,Gross value added,16.995
E01027485,Gross value added,17.501
E01027486,Gross value added,17.238
E01027487,Gross value added,11.131
E01027488,Gross value added,16.053
E01027489,Gross value added,9.644
E01027490,Gross value added,17.643
E01027491,Gross value added,25.296
E01027492,Gross value added,8.403
E01027493,Gross value added,22.857
E01027494,Gross value added,113.746
E01027495,Gross value added,16.609
E01027496,Gross value added,4.922
E01027497,Gross value added,167.291
E01027498,Gross value added,16.966
E01027499,Gross value added,15.608
E01027500,Gross value added,13.624
E01027501,Gross value added,5.034
E01027502,Gross value added,5.523
E01027503,Gross value added,30.634
E01027504,Gross value added,171.213
E01027505,Gross value added,26.541
E01027506,Gross value added,25.958
E01027507,Gross value added,16.892
E01027508,Gross value added,9.696
E01027509,Gross value added,19.294
E01027510,Gross value added,13.529
E01027511,Gross value added,20.957
E01027512,Gross value added,19.001
E01027513,Gross value added,11.756
E01027514,Gross value added,14.546
E01027515,Gross value added,8.676
E01027516,Gross value added,38.033
E01027517,Gross value added,6.396
E01027518,Gross value added,12.715
E01027519,Gross value added,3.042
E01027520,Gross value added,5.383
E01027521,Gross value added,9.136
E01027522,Gross value added,4.858
E01027523,Gross value added,13.797
E01027524,Gross value added,35.194
E01027525,Gross value added,19.425
E01027526,Gross value added,4.01
E01027527,Gross value added,7.119
E01027528,Gross value added,36.98
E01027529,Gross value added,47.322
E01027530,Gross value added,5.69
E01027531,Gross value added,10.099
E01027532,Gross value added,29.706
E01027533,Gross value added,52.699
E01027534,Gross value added,12.29
E01027535,Gross value added,7.492
E01027536,Gross value added,4.987
E01027537,Gross value added,16.341
E01027538,Gross value added,16.996
E01027539,Gross value added,7.379
E01027540,Gross value added,6.557
E01027541,Gross value added,7.134
E01027542,Gross value added,25.223
E01027543,Gross value added,7.707
E01027544,Gross value added,5.457
E01027545,Gross value added,4.137
E01027546,Gross value added,8.452
E01027549,Gross value added,99.662
E01027550,Gross value added,7.256
E01027551,Gross value added,33.734
E01027552,Gross value added,30.193
E01027553,Gross value added,17.749
E01027554,Gross value added,3.542
E01032483,Gross value added,11.131
E01032484,Gross value added,8.339
E01032540,Gross value added,7.066
E01032541,Gross value added,11.306
E01032542,Gross value added,5.616
E01032543,Gross value added,3.589
E01032544,Gross value added,108.804
E01032545,Gross value added,5.114
E01032546,Gross value added,13.776
E01032548,Gross value added,9.922
E01032549,Gross value added,9.306
E01032552,Gross value added,6.017
E01032553,Gross value added,7.998
E01032560,Gross value added,288.684
E01032561,Gross value added,76.799
E01032593,Gross value added,13.014
E01032594,Gross value added,8.758
E01032647,Gross value added,18.311
E01032648,Gross value added,4.76
E01032649,Gross value added,6.12
E01032650,Gross value added,9.931
E01033074,Gross value added,7.851
E01033075,Gross value added,69.254
E01033076,Gross value added,2.572
E01033077,Gross value added,18.002
E01033161,Gross value added,29.818
E01033163,Gross value added,12.037
E01033164,Gross value added,154.504
E01033195,Gross value added,7.27
E01033197,Gross value added,108.072
E01033198,Gross value added,6.539
E01033202,Gross value added,6.731
E01033203,Gross value added,5.338
E01033205,Gross value added,6.663
E01033206,Gross value added,6.098
E01033221,Gross value added,125.123
E01033465,Gross value added,12.995
E01033466,Gross value added,8.055
E01033467,Gross value added,9.951
E01033468,Gross value added,911.675
E01033469,Gross value added,8.235
E01033470,Gross value added,131.469
E01033471,Gross value added,20.558
E01033472,Gross value added,4.006
E01033473,Gross value added,5.596
E01033474,Gross value added,37.086
E01033475,Gross value added,6.799
E01033476,Gross value added,19.839
E01033477,Gross value added,103.565
E01033478,Gross value added,11.888
E01033479,Gross value added,7.984
E01033480,Gross value added,180.075
E01033481,Gross value added,42.536
E01033482,Gross value added,113.822
E01033483,Gross value added,126.552
E01033484,Gross value added,259.461
E01033543,Gross value added,877.602
E01033545,Gross value added,547.236
E01033547,Gross value added,53.809
E01033548,Gross value added,272.183
E01033550,Gross value added,9.33
E01033551,Gross value added,34.961
E01033553,Gross value added,321.051
E01033554,Gross value added,190.955
E01033556,Gross value added,21.763
E01033714,Gross value added,57.718
E01033715,Gross value added,17.934
E01033716,Gross value added,52.699
E01033717,Gross value added,9.332
E01033718,Gross value added,7.701
E02001682,Gross value added,56.871
E02001683,Gross value added,52.043000000000006
E02001684,Gross value added,247.527
E02001685,Gross value added,31.331999999999997
E02001686,Gross value added,210.233
E02001688,Gross value added,1365.961
E02001689,Gross value added,60.035000000000004
E02001690,Gross value added,353.35099999999994
E02001691,Gross value added,27.740999999999996
E02001692,Gross value added,17.115000000000002
E02001693,Gross value added,27.563000000000002
E02001694,Gross value added,55.275
E02001695,Gross value added,155.087
E02001696,Gross value added,53.512
E02001697,Gross value added,208.68400000000003
E02001698,Gross value added,58.126999999999995
E02001699,Gross value added,22.481
E02001700,Gross value added,97.32900000000001
E02001701,Gross value added,52.472
E02001702,Gross value added,35.829
E02001703,Gross value added,28.28
E02001704,Gross value added,27.885
E02001705,Gross value added,33.232
E02001706,Gross value added,243.86399999999998
E02001707,Gross value added,212.424
E02001708,Gross value added,398.88599999999997
E02001709,Gross value added,135.74
E02001710,Gross value added,177.33499999999998
E02001711,Gross value added,167.321
E02001712,Gross value added,126.643
E02001713,Gross value added,456.01800000000003
E02001714,Gross value added,916.9559999999999
E02001715,Gross value added,95.978
E02001718,Gross value added,49.977
E02001719,Gross value added,145.484
E02001720,Gross value added,82.84
E02001721,Gross value added,134.55700000000002
E02001722,Gross value added,59.46899999999999
E02001723,Gross value added,43.016
E02001724,Gross value added,116.07
E02001725,Gross value added,142.00900000000001
E02001726,Gross value added,154.863
E02001727,Gross value added,102.548
E02001728,Gross value added,310.83799999999997
E02001729,Gross value added,128.132
E02001730,Gross value added,737.1189999999999
E02001731,Gross value added,3152.04
E02001732,Gross value added,78.608
E02001733,Gross value added,303.86
E02001734,Gross value added,128.469
E02001735,Gross value added,21.936
E02001736,Gross value added,478.731
E02001737,Gross value added,195.512
E02001738,Gross value added,39.987
E02001739,Gross value added,93.888
E02001740,Gross value added,45.818000000000005
E02001741,Gross value added,87.559
E02001742,Gross value added,39.297
E02001743,Gross value added,75.49900000000001
E02001744,Gross value added,63.986000000000004
E02001745,Gross value added,180.729
E02001746,Gross value added,58.547
E02001747,Gross value added,29.473
E02001748,Gross value added,364.28799999999995
E02001749,Gross value added,41.82300000000001
E02001750,Gross value added,164.48
E02001751,Gross value added,37.738
E02001752,Gross value added,773.7469999999998
E02001753,Gross value added,70.911
E02001754,Gross value added,44.756
E02001755,Gross value added,507.58399999999995
E02001756,Gross value added,887.8610000000001
E02001757,Gross value added,38.294
E02001758,Gross value added,68.495
E02001759,Gross value added,147.902
E02001760,Gross value added,212.227
E02001761,Gross value added,35.489000000000004
E02001762,Gross value added,27.561
E02001763,Gross value added,36.818
E02001764,Gross value added,145.72
E02001765,Gross value added,120.06700000000001
E02001766,Gross value added,70.108
E02001767,Gross value added,62.61
E02001768,Gross value added,124.453
E02001769,Gross value added,230.435
E02001770,Gross value added,38.003
E02001771,Gross value added,26.046
E02001772,Gross value added,52.833000000000006
E02001773,Gross value added,31.724999999999998
E02001774,Gross value added,172.07
E02001775,Gross value added,30.197000000000003
E02001776,Gross value added,95.68800000000002
E02001777,Gross value added,63.701
E02001778,Gross value added,114.111
E02001779,Gross value added,214.627
E02001780,Gross value added,26.729999999999997
E02001781,Gross value added,15.387999999999998
E02001782,Gross value added,125.532
E02001783,Gross value added,17.014
E02001784,Gross value added,26.704
E02001785,Gross value added,34.489000000000004
E02001786,Gross value added,19.556
E02001787,Gross value added,119.76700000000001
E02001788,Gross value added,54.033
E02001789,Gross value added,34.911
E02001790,Gross value added,181.40800000000002
E02001791,Gross value added,42.301
E02001792,Gross value added,48.333000000000006
E02001793,Gross value added,29.682
E02001794,Gross value added,31.924
E02001795,Gross value added,388.706
E02001796,Gross value added,101.175
E02001797,Gross value added,812.086
E02001798,Gross value added,297.304
E02001799,Gross value added,123.37100000000001
E02001800,Gross value added,166.61900000000003
E02001801,Gross value added,266.64899999999994
E02001802,Gross value added,58.688
E02001803,Gross value added,440.78299999999996
E02001804,Gross value added,55.738
E02001805,Gross value added,34.204
E02001806,Gross value added,134.76600000000002
E02001807,Gross value added,419.86499999999995
E02001808,Gross value added,43.834
E02001809,Gross value added,166.953
E02001810,Gross value added,66.92599999999999
E02001811,Gross value added,95.093
E02001812,Gross value added,109.183
E02001813,Gross value added,50.916
E02001814,Gross value added,142.70999999999998
E02001815,Gross value added,150.754
E02001816,Gross value added,44.369
E02001817,Gross value added,37.765
E02001818,Gross value added,57.407999999999994
E02001819,Gross value added,956.223
E02001820,Gross value added,45.37899999999999
E02001821,Gross value added,28.327
E02001822,Gross value added,38.907
E02001823,Gross value added,72.744
E02001824,Gross value added,88.843
E02001825,Gross value added,1245.716
E02001826,Gross value added,24.349
E02002483,Gross value added,48.911
E02002484,Gross value added,183.912
E02002485,Gross value added,60.721
E02002487,Gross value added,169.517
E02002488,Gross value added,50.412000000000006
E02002489,Gross value added,198.963
E02002490,Gross value added,79.40299999999999
E02002491,Gross value added,30.756999999999998
E02002492,Gross value added,149.78
E02002493,Gross value added,394.252
E02002494,Gross value added,27.308
E02002496,Gross value added,1347.3339999999998
E02002497,Gross value added,105.96800000000002
E02002498,Gross value added,294.139
E02002499,Gross value added,47.38399999999999
E02002500,Gross value added,45.88100000000001
E02002501,Gross value added,27.113999999999997
E02002502,Gross value added,53.461999999999996
E02002503,Gross value added,37.947
E02002504,Gross value added,53.946999999999996
E02002505,Gross value added,12.79
E02002506,Gross value added,530.184
E02002507,Gross value added,51.408
E02002508,Gross value added,30.058999999999997
E02002509,Gross value added,20.374000000000002
E02002510,Gross value added,26.695
E02002512,Gross value added,22.781
E02002513,Gross value added,29.413
E02002514,Gross value added,104.129
E02002515,Gross value added,144.804
E02002516,Gross value added,30.333000000000002
E02002517,Gross value added,602.065
E02002518,Gross value added,48.011
E02002519,Gross value added,52.06
E02002520,Gross value added,67.266
E02002521,Gross value added,43.355000000000004
E02002523,Gross value added,30.417
E02002524,Gross value added,62.245
E02002525,Gross value added,50.672999999999995
E02002526,Gross value added,62.399
E02002527,Gross value added,23.164
E02002529,Gross value added,44.522
E02002530,Gross value added,102.62899999999999
E02002532,Gross value added,100.94099999999999
E02002533,Gross value added,23.234
E02002534,Gross value added,35.025
E02002535,Gross value added,50.577
E02002536,Gross value added,95.99100000000001
E02002537,Gross value added,747.1149999999999
E02002538,Gross value added,127.128
E02002539,Gross value added,300.267
E02002540,Gross value added,37.221000000000004
E02002541,Gross value added,43.089000000000006
E02002542,Gross value added,50.47100000000001
E02002543,Gross value added,237.44
E02002544,Gross value added,216.476
E02002545,Gross value added,34.024
E02002546,Gross value added,387.90500000000003
E02002547,Gross value added,45.242999999999995
E02002548,Gross value added,1022.6310000000001
E02002549,Gross value added,41.918000000000006
E02002550,Gross value added,30.798
E02002551,Gross value added,800.1800000000001
E02002552,Gross value added,35.802
E02002553,Gross value added,30.497
E02002554,Gross value added,248.677
E02002555,Gross value added,183.27299999999997
E02002556,Gross value added,54.799
E02002557,Gross value added,97.758
E02002558,Gross value added,140.524
E02002559,Gross value added,720.6820000000001
E02002560,Gross value added,40.244
E02002561,Gross value added,33.726
E02002562,Gross value added,58.897000000000006
E02002563,Gross value added,37.833000000000006
E02002564,Gross value added,179.262
E02002565,Gross value added,36.123
E02002566,Gross value added,627.96
E02002567,Gross value added,434.889
E02002568,Gross value added,70.48899999999999
E02002569,Gross value added,71.30300000000001
E02002570,Gross value added,50.893
E02002571,Gross value added,50.236999999999995
E02002572,Gross value added,54.237
E02002573,Gross value added,119.422
E02004290,Gross value added,31.646
E02004291,Gross value added,31.562
E02004292,Gross value added,184.747
E02004293,Gross value added,84.848
E02004294,Gross value added,74.04
E02004295,Gross value added,68.23299999999999
E02004296,Gross value added,42.897
E02004297,Gross value added,112.35000000000001
E02004298,Gross value added,70.37100000000001
E02004299,Gross value added,104.742
E02004300,Gross value added,47.193
E02004301,Gross value added,36.331
E02004302,Gross value added,160.221
E02004303,Gross value added,173.418
E02004304,Gross value added,96.519
E02004305,Gross value added,82.96000000000001
E02004306,Gross value added,56.622
E02004307,Gross value added,59.599000000000004
E02004308,Gross value added,167.61500000000004
E02004309,Gross value added,390.56300000000005
E02004310,Gross value added,78.14099999999999
E02004311,Gross value added,56.312000000000005
E02004312,Gross value added,213.65
E02004313,Gross value added,120.936
E02004314,Gross value added,520.092
E02004315,Gross value added,650.1910000000001
E02004316,Gross value added,25.828000000000003
E02004317,Gross value added,41.709
E02004318,Gross value added,183.291
E02004319,Gross value added,39.569
E02004320,Gross value added,85.105
E02004321,Gross value added,234.271
E02004322,Gross value added,31.747
E02004323,Gross value added,55.613
E02004324,Gross value added,58.871
E02004325,Gross value added,75.73400000000001
E02004326,Gross value added,687.09
E02004327,Gross value added,20.131
E02004328,Gross value added,51.595
E02004329,Gross value added,94.354
E02004330,Gross value added,35.316
E02004331,Gross value added,42.468
E02004332,Gross value added,40.948
E02004333,Gross value added,52.964
E02004334,Gross value added,30.129
E02004335,Gross value added,232.22400000000002
E02004336,Gross value added,43.897
E02004337,Gross value added,75.968
E02004338,Gross value added,97.63499999999999
E02004339,Gross value added,141.128
E02004340,Gross value added,127.947
E02004341,Gross value added,49.763999999999996
E02004342,Gross value added,19.733
E02004343,Gross value added,44.487
E02004344,Gross value added,630.2339999999999
E02004345,Gross value added,129.654
E02004346,Gross value added,67.142
E02004347,Gross value added,779.935
E02004348,Gross value added,84.30499999999999
E02004349,Gross value added,30.932
E02004350,Gross value added,72.278
E02004351,Gross value added,51.763000000000005
E02004352,Gross value added,184.23000000000002
E02004353,Gross value added,117.647
E02004354,Gross value added,125.88499999999999
E02004355,Gross value added,82.429
E02005702,Gross value added,101.448
E02005703,Gross value added,145.61599999999999
E02005704,Gross value added,113.09
E02005705,Gross value added,82.571
E02005706,Gross value added,231.338
E02005707,Gross value added,89.60300000000001
E02005708,Gross value added,161.58499999999998
E02005709,Gross value added,142.747
E02005710,Gross value added,163.157
E02005711,Gross value added,35.932
E02005712,Gross value added,56.270999999999994
E02005713,Gross value added,18.442
E02005714,Gross value added,25.472
E02005715,Gross value added,793.6370000000001
E02005716,Gross value added,52.141000000000005
E02005717,Gross value added,32.071
E02005718,Gross value added,177.531
E02005719,Gross value added,54.377
E02005720,Gross value added,100.78500000000001
E02005721,Gross value added,51.007000000000005
E02005722,Gross value added,206.02599999999998
E02005723,Gross value added,149.716
E02005724,Gross value added,157.73700000000002
E02005725,Gross value added,154.086
E02005726,Gross value added,88.672
E02005727,Gross value added,116.601
E02005728,Gross value added,81.866
E02005729,Gross value added,73.136
E02005730,Gross value added,244.301
E02005731,Gross value added,224.046
E02005732,Gross value added,274.40299999999996
E02005733,Gross value added,97.75
E02005734,Gross value added,45.521
E02005735,Gross value added,104.27
E02005736,Gross value added,211.61700000000002
E02005737,Gross value added,70.73499999999999
E02005738,Gross value added,63.04299999999999
E02005739,Gross value added,56.861999999999995
E02005740,Gross value added,102.012
E02005741,Gross value added,85.753
E02006811,Gross value added,67.779
E02006812,Gross value added,45.223
E02006841,Gross value added,467.13899999999995
E02006842,Gross value added,35.160000000000004
E02006893,Gross value added,81.51700000000001
E02006909,Gross value added,100.98299999999999
E02006910,Gross value added,245.25900000000001